<?xml version="1.0" encoding="UTF-8" standalone="yes"?>
<addon id="repository.crack75" name="CrAcK75 Addon Repository" version="1.0.0" provider-name="CrAcK75">
	<extension point="xbmc.addon.repository" name="CrAcK75 Addon Repository">
		<dir>
			<info compressed="false">https://CrAcK75.github.io/repo/addons.xml</info>
			<checksum>https://CrAcK75.github.io/repo/addons.xml.md5</checksum>
			<datadir zip="true">https://CrAcK75.github.io/repo/</datadir>
			<hashes>true</hashes>
		</dir>
	</extension>
	<extension point="xbmc.addon.metadata">
		<summary>CrAcK75 Addon Repository</summary>
		<description>My Personal Kodi Addon Repository, another unofficial repo for Kodi.</description>
		<disclaimer>I do not make all the add-ons in this repository and I'm not responsible for their content.</disclaimer>
		<platform>all</platform>
		<forum></forum>
		<telegram></telegram>
		<website></website>
	</extension>
</addon>
