<?xml version="1.0" encoding="UTF-8" standalone="yes"?>
<addon id="repository.auramod" name="AuraMod Addon Repository" version="1.0.0" provider-name="AURAMOD">
	<extension point="xbmc.addon.repository" name="AuraMod Addon Repository">
		<dir>
			<info compressed="false">https://CrAcK75.github.io/auramodrepo/addons.xml</info>
			<checksum>https://CrAcK75.github.io/auramodrepo/addons.xml.md5</checksum>
			<datadir zip="true">https://CrAcK75.github.io/auramodrepo/</datadir>
			<hashes>true</hashes>
		</dir>
	</extension>
	<extension point="xbmc.addon.metadata">
		<summary>AuraMod Repository</summary>
		<description>The official repo of AuraMod.</description>
		<disclaimer>AuraMod did not make all the add-ons in this repository and is not responsible for their content.</disclaimer>
		<platform>all</platform>
		<forum></forum>
		<social></social>
		<website></website>
		<assets>
      <icon>icon.png</icon>
    </assets>
	</extension>
</addon>
