<?xml version="1.0" encoding="UTF-8" standalone="yes"?>
<addon id="repository.auramodrepo" name="AuraModMatrix Addon Repository" version="1.0.0" provider-name="auramod">
	<extension point="xbmc.addon.repository" name="AuraModMatrix Addon Repository">
		<dir>
			<info compressed="false">https://CrAcK75.github.io/auramodrepo/addons.xml</info>
			<checksum>https://CrAcK75.github.io/auramodrepo/addons.xml.md5</checksum>
			<datadir zip="true">https://CrAcK75.github.io/auramodrepo/</datadir>
			<hashes>true</hashes>
		</dir>
	</extension>
	<extension point="xbmc.addon.metadata">
		<summary>AuraModMatrix Repository</summary>
		<description>The official repo of AuraModMatrix.</description>
		<disclaimer>AuraModMatrix did not make all the add-ons in this repository and is not responsible for their content, nor is it responsible for the use that the user makes of the addon itself.</disclaimer>
		<platform>all</platform>
		<forum></forum>
		<social></social>
		<website>https://CrAcK75.github.io</website>
		<assets>
			<icon>icon.png</icon>
		</assets>
	</extension>
</addon>
